,attention_head1,attention_head2,attention_head3,attention_head4,attention_head5,attention_head6,attention_head7,attention_head8,attention_head9,attention_head10,attention_head11,attention_head12
layer1,0.008154896,-0.023876386,-0.005173667,-0.015682212,0.010636815,-0.018621926,-0.01532164,-0.014584151,-0.026906644,-0.005173667,0.011839494,-0.007685347
layer2,-0.016164049,-0.007827923,-0.00467353,-0.04513319,-0.015102758,-0.031674382,-0.01850288,-0.04300095,-0.047667171,0.000259577,-0.016040155,-0.017779664
layer11,0.00289675,0.013391986,0.002755729,-0.013010671,0.02086921,0.000118074,0.002543144,0.007898315,0.002755729,0.01313799,0.01313799,0.015750301
layer12,0.00871952,-0.002812028,-0.002738917,-0.002863311,0.002755729,0.002470456,-9.52E-05,0.005388016,0.005270796,0.016002835,0.00289675,0.005388016