,attention_head1,attention_head2,attention_head3,attention_head4,attention_head5,attention_head6,attention_head7,attention_head8,attention_head9,attention_head10,attention_head11,attention_head12
layer1,0.002342528,0.002342528,-0.002357938,-0.003566877,-0.003546978,-0.007522557,-0.004529744,-0.001815327,-0.007560959,-0.001804667,-0.005220474,-0.00386212
layer2,-0.001102991,-0.001785988,-0.001515326,-0.00413705,-0.002953171,-0.006789364,-0.003804805,-0.002230143,-0.023572318,-0.001472697,-0.004620467,-0.001636951
layer11,-0.003776514,0.003355142,0.004881767,-0.002698566,-0.000569061,0.003066063,0.000725075,-0.00389615,-0.00225617,0.00245761,-0.00033016,0.003700947
layer12,-0.000913297,-0.002289479,0.003310395,-0.004598226,0.001465966,0.001955021,0.000961631,0.005252769,-0.000300431,0.000930666,0.001723766,0.004045793