,attention_head1,attention_head2,attention_head3,attention_head4,attention_head5,attention_head6,attention_head7,attention_head8,attention_head9,attention_head10,attention_head11,attention_head12
count,4,4,4,4,4,4,4,4,4,4,4,4
mean,-0.000862568,0.000405551,0.001079724,-0.00375018,-0.001400811,-0.002322709,-0.001661961,-0.000672213,-0.00842247,2.77E-05,-0.002111834,0.000561917
std,0.002504935,0.002858788,0.003558241,0.000818198,0.00230406,0.005607354,0.00290959,0.004051051,0.010555423,0.002027196,0.003358723,0.003932685
min,-0.003776514,-0.002289479,-0.002357938,-0.004598226,-0.003546978,-0.007522557,-0.004529744,-0.00389615,-0.023572318,-0.001804667,-0.005220474,-0.00386212
25%,-0.001771371,-0.001911861,-0.001725979,-0.004252344,-0.003101623,-0.006972663,-0.00398604,-0.002646644,-0.011563799,-0.00155569,-0.004770468,-0.002193243
50%,-0.001008144,0.00027827,0.000897535,-0.003851963,-0.001761116,-0.002417172,-0.001539865,-0.002022735,-0.004908565,-0.000271015,-0.002475313,0.001031998
75%,-9.93E-05,0.002595682,0.003703238,-0.003349799,-6.03E-05,0.002232781,0.000784214,-4.83E-05,-0.001767235,0.001312402,0.000183321,0.003787159
max,0.002342528,0.003355142,0.004881767,-0.002698566,0.001465966,0.003066063,0.000961631,0.005252769,-0.000300431,0.00245761,0.001723766,0.004045793